{
  "1": {
    "baseline": {
      "mean_eval_loss": 1.974731241663297,
      "mean_train_sec": 0.9871413200041085
    },
    "attnres": {
      "mean_eval_loss": 2.0908521711826324,
      "mean_train_sec": 1.900667361667729
    },
    "depthcross_lite": {
      "mean_eval_loss": 1.981224591533343,
      "mean_train_sec": 1.3995633056668642
    }
  },
  "6": {
    "baseline": {
      "mean_eval_loss": 1.8953910668690999,
      "mean_train_sec": 4.696031111003928
    },
    "attnres": {
      "mean_eval_loss": 2.0398799826701484,
      "mean_train_sec": 23.01625691633429
    },
    "depthcross_lite": {
      "mean_eval_loss": 1.8949295431375504,
      "mean_train_sec": 15.927892083331244
    }
  }
}